type_chaussures;prix;adresse;image_lien
Chaussures Berluti;20 000 CFA;Dakar, Sénégal;https://images.coinafrique.com/thumb_4810889_uploaded_image1_1719363126.jpg
Chaussures  Nike portal;25 000 CFA;Dakar, Sénégal;
Sandales;17 000 CFA;Dakar, Sénégal;https://images.coinafrique.com/thumb_5627951_uploaded_image1_1763472221.jpg
Baskets Asic Cayono;27 000 CFA;Dakar, Sénégal;
Sandales Toga;25 000 CFA;Dakar, Sénégal;
New Balance Fuel cell;28 000 CFA;Dakar, Sénégal;
New Balance Fuel cell;28 000 CFA;Dakar, Sénégal;
Chaussures New Balance;30 000 CFA;Ouest Foire, Dakar, Sénégal;
Chaussures hommes;23 000 CFA;Dakar, Sénégal;https://images.coinafrique.com/thumb_5771511_uploaded_image1_1770903306.jpg
Sandales orthopédique;10 000 CFA;Dakar, Sénégal;https://images.coinafrique.com/thumb_5457756_uploaded_image1_1754291875.jpg
Timberlands homme;25 000 CFA;Dakar, Sénégal;
Chaussures Tommy;22 000 CFA;Dakar, Sénégal;https://images.coinafrique.com/thumb_4424668_uploaded_image1_1697885179.jpg
Chaussures hommes;22 000 CFA;Dakar, Sénégal;
Sandales homme;10 000 CFA;Colobane, Dakar, Sénégal;https://images.coinafrique.com/thumb_4851391_uploaded_image1_1721411737.jpg
Chaussures hommes;20 000 CFA;Colobane, Dakar, Sénégal;https://images.coinafrique.com/thumb_5769564_uploaded_image1_1770816182.jpg
Air force 1;17 000 CFA;Dakar, Sénégal;https://images.coinafrique.com/thumb_5656505_uploaded_image1_1764882446.jpg
Chaussures Nike Vomero;25 000 CFA;Parcelle Assainies, Dakar, Sénégal;https://images.coinafrique.com/thumb_5548897_uploaded_image1_1759167093.jpg
Chaussures Jordan 4;25 000 CFA;Dakar, Sénégal;https://images.coinafrique.com/thumb_5359849_uploaded_image1_1749031529.jpg
Chaussures Air Jordan one low;17 000 CFA;Dakar, Sénégal;
Chaussures Air Louis vuitton;20 000 CFA;Ouest Foire, Dakar, Sénégal;https://images.coinafrique.com/thumb_4026245_uploaded_image1_1672254649.jpg
Chaussures Nike;28 000 CFA;Dakar, Sénégal;https://images.coinafrique.com/thumb_5771387_uploaded_image1_1770899906.jpg
Chaussures homme;27 000 CFA;Dakar, Sénégal;https://images.coinafrique.com/thumb_5771511_uploaded_image1_1770903306.jpg
Chaussures homme;25 000 CFA;Dakar, Sénégal;https://images.coinafrique.com/thumb_5771511_uploaded_image1_1770903306.jpg
Chaussures Berluti;25 000 CFA;Ouest Foire, Dakar, Sénégal;https://images.coinafrique.com/thumb_4580950_uploaded_image1_1707221652.jpg
Baskets Air force 1;16 000 CFA;Dakar, Sénégal;https://images.coinafrique.com/thumb_5656488_uploaded_image1_1764881966.jpg
Baskets Air Max scorpion;30 000 CFA;Dakar, Sénégal;
Baskets Dior b22;25 000 CFA;Dakar, Sénégal;https://images.coinafrique.com/thumb_5481393_uploaded_image1_1755545600.jpg
Baskets Adidas campus;25 000 CFA;Dakar, Sénégal;https://images.coinafrique.com/thumb_5153222_uploaded_image1_1737841616.jpg
Sandales Gucci;17 000 CFA;Dakar, Sénégal;https://images.coinafrique.com/thumb_3370900_uploaded_image1_1633508519.jpg
Baskets Jordan 4 Fear;Prix sur demande;Dakar, Sénégal;
Baskets Air Force One Suprême;Prix sur demande;Dakar, Sénégal;
Chaussures homme;Prix sur demande;Yoff, Dakar, Sénégal;https://images.coinafrique.com/thumb_5760772_uploaded_image1_1770330772.jpg
Baskets Jordan 1 high;Prix sur demande;Dakar, Sénégal;https://images.coinafrique.com/thumb_5109285_uploaded_image1_1735316970.jpg
Baskets Nike M2K Tecno;Prix sur demande;Dakar, Sénégal;
Baskets Nike Kobe 6 Protro;Prix sur demande;Dakar, Sénégal;
Sandales homme;25 000 CFA;Dakar, Sénégal;https://images.coinafrique.com/thumb_5465465_uploaded_image1_1754649693.jpg
Sandales Berluti;17 000 CFA;Dakar, Sénégal;
Original Lavin;25 000 CFA;Dakar, Sénégal;
Sandales Dior;17 000 CFA;Dakar, Sénégal;https://images.coinafrique.com/thumb_5361106_uploaded_image1_1749079052.jpg
Baskets Air Force 1;18 000 CFA;Dakar, Sénégal;https://images.coinafrique.com/thumb_5656488_uploaded_image1_1764881966.jpg
Baskets Aire Force One;13 000 CFA;Dakar, Sénégal;https://images.coinafrique.com/thumb_4106670_uploaded_image1_1677152259.jpg
Crocs;8 000 CFA;Dakar, Sénégal;https://images.coinafrique.com/thumb_5379657_uploaded_image1_1750203622.jpg
Chaussures New Balance;25 000 CFA;Dakar, Sénégal;https://images.coinafrique.com/thumb_5771479_uploaded_image1_1770902639.jpg
Baskets New Balance Fuel Cell;27 000 CFA;Dakar, Sénégal;
Basktes New Balance Fuel Cell;27 000 CFA;Dakar, Sénégal;
Baskets Adidas Samba;20 000 CFA;Dakar, Sénégal;https://images.coinafrique.com/thumb_5548904_uploaded_image1_1759167399.jpg
Baskets New Balance Fuel Cell;27 000 CFA;Dakar, Sénégal;
Sandales orthopédiques;12 000 CFA;Sacré-Coeur, Dakar, Sénégal;https://images.coinafrique.com/thumb_5403273_uploaded_image1_1751493058.jpg
Baskets Jordan 3;20 000 CFA;Dakar, Sénégal;https://images.coinafrique.com/thumb_5548923_uploaded_image1_1759168249.jpg
Baskets Jordan 12;25 000 CFA;Dakar, Sénégal;
Baskets Jordan One;20 000 CFA;Dakar, Sénégal;https://images.coinafrique.com/thumb_5365710_uploaded_image1_1749417808.jpg
Baskets Jordan One Low;25 000 CFA;Dakar, Sénégal;https://images.coinafrique.com/thumb_3139227_uploaded_image1_1622245710.jpg
Baskets Nike Zoomx;25 000 CFA;Dakar, Sénégal;https://images.coinafrique.com/thumb_3276882_uploaded_image1_1628788753.jpg
Baskets Nike P6000;27 000 CFA;Dakar, Sénégal;
Baskets Louis Vuitton;25 000 CFA;Dakar, Sénégal;https://images.coinafrique.com/thumb_5552643_uploaded_image1_1759323436.jpg
Baskets Adidas Super Star;20 000 CFA;Dakar, Sénégal;
Baskets Timberland;35 000 CFA;Dakar, Sénégal;https://images.coinafrique.com/thumb_5384805_uploaded_image1_1750461330.jpg
Baskets Air Jordan 1;20 000 CFA;Dakar, Sénégal;https://images.coinafrique.com/thumb_2702362_uploaded_image1_1602990336.jpg
Baskets AF1 / The Nord Face;22 000 CFA;Dakar, Sénégal;
Baskets Louis Vuitton;30 000 CFA;Dakar, Sénégal;https://images.coinafrique.com/thumb_5552643_uploaded_image1_1759323436.jpg
Baskets Adidas;20 000 CFA;Dakar, Sénégal;https://images.coinafrique.com/thumb_5686382_uploaded_image1_1766491684.jpg
Chaussures pour homme;10 000 CFA;Medina, Dakar, Sénégal;https://images.coinafrique.com/thumb_5773520_uploaded_image1_1771005361.jpg
Baskets Lacoste trainer L003;30 000 CFA;Dakar, Sénégal;
Baskets Dior B22;30 000 CFA;Dakar, Sénégal;https://images.coinafrique.com/thumb_5481393_uploaded_image1_1755545600.jpg
Baskets Lacoste Trainer L003;30 000 CFA;Dakar, Sénégal;
Baskets Timberland;20 000 CFA;Dakar, Sénégal;https://images.coinafrique.com/thumb_5384805_uploaded_image1_1750461330.jpg
Chaussures Crocs;9 000 CFA;Dakar, Sénégal;https://images.coinafrique.com/thumb_1875362_uploaded_image1_1585680864.08.png
Chaussures Crocs;9 000 CFA;Dakar, Sénégal;https://images.coinafrique.com/thumb_1875362_uploaded_image1_1585680864.08.png
Chaussures homme;30 000 CFA;Ouest Foire, Dakar, Sénégal;https://images.coinafrique.com/thumb_5403613_uploaded_image1_1751513745.jpg
Baskets Air Jordan 6;25 000 CFA;Dakar, Sénégal;https://images.coinafrique.com/thumb_2154407_uploaded_image1_1590109436.jpg
Baskets Nike TN;18 000 CFA;Dakar, Sénégal;https://images.coinafrique.com/thumb_5550746_uploaded_image1_1759249989.jpg
Sandales homme;Prix sur demande;Dakar, Sénégal;https://images.coinafrique.com/thumb_5465465_uploaded_image1_1754649693.jpg
Baskets Nike TN;23 000 CFA;Dakar, Sénégal;https://images.coinafrique.com/thumb_5550746_uploaded_image1_1759249989.jpg
Chaussures homme;5 000 CFA;Keur Massar, Sénégal;https://images.coinafrique.com/thumb_5581477_uploaded_image1_1760896170.jpg
Crocs sandales orthopédiques;5 500 CFA;Sicap Liberté, Dakar, Sénégal;
Baskets Adidas;15 000 CFA;Dakar, Sénégal;https://images.coinafrique.com/thumb_5686382_uploaded_image1_1766491684.jpg
Baskets Jordan 4;25 000 CFA;Dakar, Sénégal;https://images.coinafrique.com/thumb_5548928_uploaded_image1_1759168475.jpg
Baskets  Jordan 14;28 000 CFA;Dakar, Sénégal;https://images.coinafrique.com/thumb_3609837_uploaded_image1_1647357351.jpg
Baskets Vans Knu School;25 000 CFA;Dakar, Sénégal;
Chaussures Noctar Noir;20 000 CFA;Dakar Plateau, Dakar, Sénégal;
Peugeot 308 2019;4 500 000 CFA;Mermoz-Sacré Coeur, Dakar, Sénégal;
Baskets Nike Victory One;12 000 CFA;Yoff, Dakar, Sénégal;
Chaussures homme;30 000 CFA;Dieuppeul-Derklé, Dakar, Sénégal;https://images.coinafrique.com/thumb_5465868_uploaded_image1_1754663616.jpg
Chaussures homme;20 000 CFA;Grand Yoff, Dakar, Sénégal;https://images.coinafrique.com/thumb_5430950_uploaded_image1_1752936591.jpg
Chaussures  homme;14 000 CFA;Dakar, Sénégal;https://images.coinafrique.com/thumb_5771511_uploaded_image1_1770903306.jpg
Mocassins homme;25 000 CFA;Ouest Foire, Dakar, Sénégal;https://images.coinafrique.com/thumb_4166328_uploaded_image1_1680812137.jpg
Chaussures homme;13 500 CFA;Diamalaye 1, Dakar, Sénégal;https://images.coinafrique.com/thumb_5756505_uploaded_image1_1770135001.jpg
Chaussures homme;15 000 CFA;Diamalaye 1, Dakar, Sénégal;https://images.coinafrique.com/thumb_5756505_uploaded_image1_1770135001.jpg
Sandales orthopédiques;15 000 CFA;Dakar Plateau, Dakar, Sénégal;https://images.coinafrique.com/thumb_5327825_uploaded_image1_1747239241.jpg
Chaussures homme;10 000 CFA;Dakar Plateau, Dakar, Sénégal;https://images.coinafrique.com/thumb_5716365_uploaded_image1_1768211528.jpg
Chaussures Berlutti;15 000 CFA;Diamalaye 1, Dakar, Sénégal;https://images.coinafrique.com/thumb_5504924_uploaded_image1_1756823656.jpg
Sneakers Jordan One;35 000 CFA;Grand Dakar, Dakar, Sénégal;
Chaussures Sebago;11 000 CFA;Diamalaye 1, Dakar, Sénégal;https://images.coinafrique.com/thumb_3468334_uploaded_image1_1638624334.jpg
Sandales orthopédiques;12 000 CFA;Sacré-Coeur, Dakar, Sénégal;https://images.coinafrique.com/thumb_5403273_uploaded_image1_1751493058.jpg
Mocassins homme;5 500 CFA;Yoff, Dakar, Sénégal;https://images.coinafrique.com/thumb_4182260_uploaded_image2_1681852134.jpeg
Chaussures homme;Prix sur demande;Dakar, Sénégal;https://images.coinafrique.com/thumb_5771511_uploaded_image1_1770903306.jpg
Baskets New Balance 9060;25 000 CFA;Colobane, Dakar, Sénégal;https://images.coinafrique.com/thumb_5061556_uploaded_image1_1732571856.jpg
Chaussures Air Force;12 000 CFA;Ouakam, Dakar, Sénégal;https://images.coinafrique.com/thumb_5449964_uploaded_image1_1753891204.jpg
Chaussures homme;12 000 CFA;Ouakam, Dakar, Sénégal;https://images.coinafrique.com/thumb_5449980_uploaded_image1_1753891681.jpg
Chaussures homme;6 000 CFA;Mbour, Sénégal;https://images.coinafrique.com/thumb_5452284_uploaded_image1_1753992898.jpg
Chaussures hommes;15 000 CFA;Colobane, Dakar, Sénégal;https://images.coinafrique.com/thumb_5769564_uploaded_image1_1770816182.jpg
Chaussures hommes;14 000 CFA;Colobane, Dakar, Sénégal;https://images.coinafrique.com/thumb_5769564_uploaded_image1_1770816182.jpg
Chaussures Adidas;17 990 CFA;Point E, Dakar, Sénégal;https://images.coinafrique.com/thumb_4724948_uploaded_image1_1714789432.jpg
Baskets Dior CD;25 000 CFA;Yoff, Dakar, Sénégal;
Baskets Nike Air Force One;Prix sur demande;Dakar, Sénégal;https://images.coinafrique.com/thumb_4356864_uploaded_image1_1693433832.jpg
Sandales orthopédiques Birkenstock;15 000 CFA;Mermoz-Sacré Coeur, Dakar, Sénégal;https://images.coinafrique.com/thumb_5085829_uploaded_image1_1733870021.jpg
Chaussures homme;8 000 CFA;Colobane, Dakar, Sénégal;https://images.coinafrique.com/thumb_5769564_uploaded_image1_1770816182.jpg
Chaussures Adidas;Prix sur demande;Dakar, Sénégal;https://images.coinafrique.com/thumb_5656549_uploaded_image1_1764883907.jpg
Sandales orthopédique;Prix sur demande;Dakar, Sénégal;https://images.coinafrique.com/thumb_5457756_uploaded_image1_1754291875.jpg
Chaussures  hommes;Prix sur demande;Dakar, Sénégal;https://images.coinafrique.com/thumb_5771511_uploaded_image1_1770903306.jpg
Sandales orthopédique;12 000 CFA;Dakar, Sénégal;https://images.coinafrique.com/thumb_5457756_uploaded_image1_1754291875.jpg
Chaussures Adidas;20 000 CFA;Dakar, Sénégal;https://images.coinafrique.com/thumb_5656549_uploaded_image1_1764883907.jpg
Chaussures hommes;25 000 CFA;Dakar, Sénégal;https://images.coinafrique.com/thumb_5771511_uploaded_image1_1770903306.jpg
Sandales;15 000 CFA;Dakar, Sénégal;https://images.coinafrique.com/thumb_5627951_uploaded_image1_1763472221.jpg
Chaussures homme;20 000 CFA;Pikine, Sénégal;https://images.coinafrique.com/thumb_5462501_uploaded_image1_1754497073.jpg
Chaussures homme;Prix sur demande;Dakar, Sénégal;https://images.coinafrique.com/thumb_5771511_uploaded_image1_1770903306.jpg
Chaussures homme;30 000 CFA;Dieuppeul-Derklé, Dakar, Sénégal;https://images.coinafrique.com/thumb_5465868_uploaded_image1_1754663616.jpg
Crocs homme;5 000 CFA;Dakar, Sénégal;https://images.coinafrique.com/thumb_4823955_uploaded_image1_1720017128.jpg
Baskets Asic Gel Kayano14;27 000 CFA;Dakar, Sénégal;
Chaussures homme;13 500 CFA;HLM, Dakar, Sénégal;https://images.coinafrique.com/thumb_5470302_uploaded_image1_1754914296.jpg
Baskets Air Force;12 000 CFA;Parcelle Assainies, Dakar, Sénégal;https://images.coinafrique.com/thumb_4847357_uploaded_image1_1721217800.jpg
Chaussures Balance Cecuhri;25 000 CFA;Fass, Dakar, Sénégal;https://images.coinafrique.com/thumb_5426236_uploaded_image1_1752670965.jpg
Chaussures Balance Cecuhri cD Dior;20 000 CFA;Fass, Dakar, Sénégal;
Chaussures Balance cecuhri;25 000 CFA;Fass, Dakar, Sénégal;https://images.coinafrique.com/thumb_5426236_uploaded_image1_1752670965.jpg
Chaussures Campus;15 000 CFA;Dakar, Sénégal;https://images.coinafrique.com/thumb_5473575_uploaded_image1_1755086920.jpg
Chaussures Adidas;15 000 CFA;Dakar, Sénégal;https://images.coinafrique.com/thumb_5656549_uploaded_image1_1764883907.jpg
Chaussures Burberry;18 000 CFA;Dakar, Sénégal;
Sandales homme;3 000 CFA;Dakar, Sénégal;https://images.coinafrique.com/thumb_5465465_uploaded_image1_1754649693.jpg
Baskets Dior B22;27 000 CFA;Dakar, Sénégal;https://images.coinafrique.com/thumb_5481393_uploaded_image1_1755545600.jpg
Baskets Dior B22;27 000 CFA;Dakar, Sénégal;https://images.coinafrique.com/thumb_5481393_uploaded_image1_1755545600.jpg
Baskets Dior B22;27 000 CFA;Dakar, Sénégal;https://images.coinafrique.com/thumb_5481393_uploaded_image1_1755545600.jpg
Sandales orthopédiques en cuir;15 000 CFA;Sacré-Coeur, Dakar, Sénégal;https://images.coinafrique.com/thumb_3322572_uploaded_image1_1631057121.jpg
Chaussures Timberland;30 000 CFA;Dakar, Sénégal;https://images.coinafrique.com/thumb_5487164_uploaded_image1_1755817473.jpg
Timberland homme;Prix sur demande;Mbao, Dakar, Sénégal;https://images.coinafrique.com/thumb_3707758_uploaded_image1_1653300330.jpg
Chaussures homme;Prix sur demande;Dakar, Sénégal;https://images.coinafrique.com/thumb_5771511_uploaded_image1_1770903306.jpg
Baskets Nike Air Max;12 000 CFA;Parcelle Assainies, Dakar, Sénégal;https://images.coinafrique.com/thumb_3622588_uploaded_image1_1648162610.jpg
Chaussures Luis Vuitton;8 000 CFA;Colobane, Dakar, Sénégal;https://images.coinafrique.com/thumb_2243179_uploaded_image1_1591542404.jpg
Chaussures homme;15 000 CFA;Dakar Plateau, Dakar, Sénégal;https://images.coinafrique.com/thumb_5716365_uploaded_image1_1768211528.jpg
Crocs;10 000 CFA;Ngor, Dakar, Sénégal;https://images.coinafrique.com/thumb_5703227_uploaded_image1_1767565385.jpg
Chaussures Adidas;11 000 CFA;Diamalaye 1, Dakar, Sénégal;https://images.coinafrique.com/thumb_4741007_uploaded_image1_1715602050.jpg
Sandales femme;4 000 CFA;Yoff, Dakar, Sénégal;https://images.coinafrique.com/thumb_2873652_uploaded_image1_1609951508.jpg
Chaussures Nike sb;25 000 CFA;Dakar, Sénégal;https://images.coinafrique.com/thumb_4875947_uploaded_image1_1722725081.jpg
Chaussures Nike sb;25 000 CFA;Dakar, Sénégal;https://images.coinafrique.com/thumb_4875947_uploaded_image1_1722725081.jpg
Chaussures Luis vuitton s4;25 000 CFA;Dakar, Sénégal;
Chaussures Berluti;15 000 CFA;Diamalaye 1, Dakar, Sénégal;https://images.coinafrique.com/thumb_5504924_uploaded_image1_1756823656.jpg
Chaussures Unisexe;15 000 CFA;Dakar, Sénégal;
Chaussures homme en  cuir;15 000 CFA;Dakar, Sénégal;https://images.coinafrique.com/thumb_4855187_uploaded_image1_1721654881.jpg
Chaussures Timberland;30 000 CFA;Rufisque, Sénégal;https://images.coinafrique.com/thumb_3632790_uploaded_image1_1648830343.jpg
Chaussures homme;30 000 CFA;Rufisque, Sénégal;https://images.coinafrique.com/thumb_5684967_uploaded_image1_1766411263.jpg
Chaussures homme;Prix sur demande;Dakar, Sénégal;
Chaussures homme;25 000 CFA;Mariste, Dakar, Sénégal;https://images.coinafrique.com/thumb_5760425_uploaded_image1_1770321277.jpg
Chaussures Berluti;15 000 CFA;Diamalaye 1, Dakar, Sénégal;https://images.coinafrique.com/thumb_5504924_uploaded_image1_1756823656.jpg
Chaussures homme;15 000 CFA;Diamalaye 1, Dakar, Sénégal;https://images.coinafrique.com/thumb_5756505_uploaded_image1_1770135001.jpg
Baskets Jordan One Dunk Lowl;Prix sur demande;Dakar, Sénégal;
Chaussures homme;Prix sur demande;Dakar, Sénégal;https://images.coinafrique.com/thumb_5771511_uploaded_image1_1770903306.jpg
Chaussures homme;Prix sur demande;Parcelle Assainies, Dakar, Sénégal;https://images.coinafrique.com/thumb_5747868_uploaded_image1_1769685507.jpg
Chaussures Jordan;Prix sur demande;Parcelle Assainies, Dakar, Sénégal;https://images.coinafrique.com/thumb_4409325_uploaded_image2_1696852222.jpeg
Baskets Louis Vuitton;25 000 CFA;Mbao, Dakar, Sénégal;https://images.coinafrique.com/thumb_3522448_uploaded_image1_1642063845.jpg
Chaussures Timberland;32 000 CFA;Dakar, Sénégal;https://images.coinafrique.com/thumb_5487164_uploaded_image1_1755817473.jpg
Chaussures homme;35 000 CFA;Yoff, Dakar, Sénégal;https://images.coinafrique.com/thumb_5760772_uploaded_image1_1770330772.jpg
Baskets Nike Air Max Plus;10 000 CFA;Dakar, Sénégal;https://images.coinafrique.com/thumb_2873272_uploaded_image1_1609942408.jpg
Crocs homme;10 000 CFA;Parcelle Assainies, Dakar, Sénégal;https://images.coinafrique.com/thumb_4847360_uploaded_image1_1721217902.jpg
Crocs homme;10 000 CFA;Parcelle Assainies, Dakar, Sénégal;https://images.coinafrique.com/thumb_4847360_uploaded_image1_1721217902.jpg
New Balance;27 000 CFA;Dakar, Sénégal;https://images.coinafrique.com/thumb_5771479_uploaded_image1_1770902639.jpg
Chaussures Nike shox;25 000 CFA;Dakar, Sénégal;https://images.coinafrique.com/thumb_5560200_uploaded_image1_1759705337.jpg
Baskets Air force montante;18 000 CFA;Dakar, Sénégal;https://images.coinafrique.com/thumb_2054999_uploaded_image1_1588599185.jpg
Nike Air Max;25 000 CFA;Dakar, Sénégal;https://images.coinafrique.com/thumb_5658154_uploaded_image1_1764971268.jpg
Baskets Asic;25 000 CFA;Dakar, Sénégal;https://images.coinafrique.com/thumb_5588722_uploaded_image1_1761293983.jpg
Baskets Nike Air force 1;25 000 CFA;Dakar, Sénégal;https://images.coinafrique.com/thumb_5454125_uploaded_image1_1754072625.jpg
Baskets New Balance 740;24 000 CFA;Dakar, Sénégal;https://images.coinafrique.com/thumb_5675111_uploaded_image1_1765885381.jpg
Baskets Nike TN;18 000 CFA;Dakar, Sénégal;https://images.coinafrique.com/thumb_5550746_uploaded_image1_1759249989.jpg
Baskets Adidas Adizero;27 000 CFA;Dakar, Sénégal;https://images.coinafrique.com/thumb_5550760_uploaded_image1_1759250198.jpg
Baskets Adidas campus;17 000 CFA;Dakar, Sénégal;https://images.coinafrique.com/thumb_5153222_uploaded_image1_1737841616.jpg
Nike shox R4;25 000 CFA;Dakar, Sénégal;https://images.coinafrique.com/thumb_5670082_uploaded_image1_1765572126.jpg
Chaussures Balenciaga;25 000 CFA;Dakar Plateau, Dakar, Sénégal;https://images.coinafrique.com/thumb_2871839_uploaded_image1_1609890241.jpg
New Balance;25 000 CFA;Dakar, Sénégal;https://images.coinafrique.com/thumb_5771479_uploaded_image1_1770902639.jpg
New balance 1906;25 000 CFA;Dakar, Sénégal;https://images.coinafrique.com/thumb_5697822_uploaded_image1_1767207853.jpg
Baskets Adidas adizero;27 000 CFA;Dakar, Sénégal;https://images.coinafrique.com/thumb_5550760_uploaded_image1_1759250198.jpg
Baskets Adidas adizero;27 000 CFA;Dakar, Sénégal;https://images.coinafrique.com/thumb_5550760_uploaded_image1_1759250198.jpg
Baskets New Balance fresh foam;25 000 CFA;Dakar, Sénégal;
Baskets New Balance fresh foam;25 000 CFA;Dakar, Sénégal;
Baskets Asic 1130;25 000 CFA;Dakar, Sénégal;
Baskets Air Max 95;25 000 CFA;Dakar, Sénégal;https://images.coinafrique.com/thumb_5567806_uploaded_image1_1760100010.jpg
Baskets Nike TN;17 000 CFA;Dakar, Sénégal;https://images.coinafrique.com/thumb_5550746_uploaded_image1_1759249989.jpg
Baskets Jordan 4 RM;25 000 CFA;Dakar, Sénégal;
Balanciaga 3XL;27 000 CFA;Dakar, Sénégal;
Baskets Vans knu scool;20 000 CFA;Dakar, Sénégal;
Baskets Yeezy 700 v2;20 000 CFA;Dakar, Sénégal;
Baskets  Reebok;22 000 CFA;Dakar, Sénégal;https://images.coinafrique.com/thumb_3848591_uploaded_image1_1661551759.jpg
Baskets Louis Vuitton;25 000 CFA;Dakar, Sénégal;https://images.coinafrique.com/thumb_5552643_uploaded_image1_1759323436.jpg
Baskets Crampon phantom;25 000 CFA;Dakar, Sénégal;
Chaussures TN full Black;17 000 CFA;Dakar, Sénégal;
Chaussures Nike zoom running;15 000 CFA;Dakar, Sénégal;
Baskets Adidas adistar;18 000 CFA;Dakar, Sénégal;
Baskets New Balance 1000;25 000 CFA;Dakar, Sénégal;https://images.coinafrique.com/thumb_5247024_uploaded_image1_1742754677.jpg
Baskets Adidas superstar;25 000 CFA;Dakar, Sénégal;https://images.coinafrique.com/thumb_2505348_uploaded_image1_1596384402.jpg
Baskets Adidas superstar;25 000 CFA;Dakar, Sénégal;
Sandales homme;10 000 CFA;Dakar Plateau, Dakar, Sénégal;https://images.coinafrique.com/thumb_5385859_uploaded_image1_1750532912.jpg
Baskets New Balance;25 000 CFA;Fass, Dakar, Sénégal;
Baskets All Star;15 000 CFA;Dakar, Sénégal;
Bottes homme;28 000 CFA;Dakar Plateau, Dakar, Sénégal;https://images.coinafrique.com/thumb_1688725_uploaded_image1_1582368268.71.png
Chaussures homme;30 000 CFA;Dakar, Sénégal;https://images.coinafrique.com/thumb_5771511_uploaded_image1_1770903306.jpg
Chaussures bouts;25 000 CFA;Dakar, Sénégal;https://images.coinafrique.com/thumb_2157579_uploaded_image1_1590156922.jpg
Mocassins homme;20 000 CFA;Dakar, Sénégal;https://images.coinafrique.com/thumb_5323164_uploaded_image1_1747019335.jpg
Chaussures homme;20 000 CFA;Dakar, Sénégal;https://images.coinafrique.com/thumb_5771511_uploaded_image1_1770903306.jpg
Baskets Adidas;25 000 CFA;Dakar, Sénégal;https://images.coinafrique.com/thumb_5686382_uploaded_image1_1766491684.jpg
Chaussures hommes;15 000 CFA;Diamalaye 1, Dakar, Sénégal;https://images.coinafrique.com/thumb_5756505_uploaded_image1_1770135001.jpg
Baskets New Balance;16 900 CFA;Dakar, Sénégal;https://images.coinafrique.com/thumb_5675114_uploaded_image1_1765885442.jpg
Baskets TN;16 900 CFA;Dakar, Sénégal;https://images.coinafrique.com/thumb_5567803_uploaded_image1_1760099855.jpg
Baskets New Balance;16 900 CFA;Dakar, Sénégal;https://images.coinafrique.com/thumb_5675114_uploaded_image1_1765885442.jpg
Sandales Alexandre MC Queen;5 000 CFA;Rufisque, Sénégal;
Chaussures  homme;1 000 CFA;Dakar Plateau, Dakar, Sénégal;https://images.coinafrique.com/thumb_5716365_uploaded_image1_1768211528.jpg
Chaussures  homme;8 000 CFA;Dakar, Sénégal;https://images.coinafrique.com/thumb_5771511_uploaded_image1_1770903306.jpg
Chaussures homme;13 500 CFA;Guediawaye, Dakar, Sénégal;https://images.coinafrique.com/thumb_5668243_uploaded_image1_1765485052.jpg
Chaussures homme;25 000 CFA;Dakar Plateau, Dakar, Sénégal;https://images.coinafrique.com/thumb_5716365_uploaded_image1_1768211528.jpg
Chaussures hommes;25 000 CFA;Dakar Plateau, Dakar, Sénégal;https://images.coinafrique.com/thumb_5716365_uploaded_image1_1768211528.jpg
Chaussures  homme;6 000 CFA;Dakar, Sénégal;https://images.coinafrique.com/thumb_5771511_uploaded_image1_1770903306.jpg
Sneakers homme;15 000 CFA;Almadies, Dakar, Sénégal;https://images.coinafrique.com/thumb_3359412_uploaded_image1_1633000700.jpg
Chaussures en cuir;16 000 CFA;Almadies, Dakar, Sénégal;https://images.coinafrique.com/thumb_4366157_uploaded_image1_1694038027.jpg
Sandale Orthopédique Birkenstock;29 500 CFA;Mermoz-Sacré Coeur, Dakar, Sénégal;https://images.coinafrique.com/thumb_5085829_uploaded_image1_1733870021.jpg
Baskets Nike;25 000 CFA;Colobane, Dakar, Sénégal;https://images.coinafrique.com/thumb_5118035_uploaded_image1_1735932607.jpg
Babouches  homme;10 000 CFA;Dakar Plateau, Dakar, Sénégal;https://images.coinafrique.com/thumb_5616251_uploaded_image1_1762866056.jpg
Babouches  homme;10 000 CFA;Dakar Plateau, Dakar, Sénégal;https://images.coinafrique.com/thumb_5616251_uploaded_image1_1762866056.jpg
Balenciaga;25 000 CFA;Parcelle Assainies, Dakar, Sénégal;https://images.coinafrique.com/thumb_4695847_uploaded_image1_1713306917.jpg
Babouches  homme;10 000 CFA;Point E, Dakar, Sénégal;https://images.coinafrique.com/thumb_3760788_uploaded_image1_1656346598.jpg
Babouches  homme;18 000 CFA;Dakar Plateau, Dakar, Sénégal;https://images.coinafrique.com/thumb_5616251_uploaded_image1_1762866056.jpg
Tapettes homme;15 000 CFA;Dakar Plateau, Dakar, Sénégal;https://images.coinafrique.com/thumb_5351718_uploaded_image2_1748579763.jpeg
Babouches  homme;10 000 CFA;Point E, Dakar, Sénégal;https://images.coinafrique.com/thumb_3760788_uploaded_image1_1656346598.jpg
Chaussures homme;20 000 CFA;Colobane, Dakar, Sénégal;https://images.coinafrique.com/thumb_5769564_uploaded_image1_1770816182.jpg
Chaussures Hugo Boss;25 000 CFA;Colobane, Dakar, Sénégal;https://images.coinafrique.com/thumb_4471883_uploaded_image2_1700904249.jpeg
Chaussures  homme;12 000 CFA;Parcelle Assainies, Dakar, Sénégal;https://images.coinafrique.com/thumb_5747868_uploaded_image1_1769685507.jpg
Chaussures en cuir pour homme;10 000 CFA;Colobane, Dakar, Sénégal;https://images.coinafrique.com/thumb_4161566_uploaded_image1_1680558883.jpg
Chaussures  homme;15 000 CFA;Sicap Liberté, Dakar, Sénégal;https://images.coinafrique.com/thumb_5625915_uploaded_image1_1763379573.jpg
Sandales homme;8 000 CFA;Dakar, Sénégal;https://images.coinafrique.com/thumb_5465465_uploaded_image1_1754649693.jpg
Chaussures en daim Zara;25 000 CFA;Ouakam, Dakar, Sénégal;
Baskets Asics;12 000 CFA;Parcelle Assainies, Dakar, Sénégal;https://images.coinafrique.com/thumb_5571618_uploaded_image1_1760357347.jpg
Chaussures homme;Prix sur demande;Parcelle Assainies, Dakar, Sénégal;https://images.coinafrique.com/thumb_5747868_uploaded_image1_1769685507.jpg
Chaussures  homme;25 000 CFA;Colobane, Dakar, Sénégal;https://images.coinafrique.com/thumb_5769564_uploaded_image1_1770816182.jpg
Chaussures  homme;15 000 CFA;Diamalaye 1, Dakar, Sénégal;https://images.coinafrique.com/thumb_5756505_uploaded_image1_1770135001.jpg
Chaussures  homme;15 000 CFA;Diamalaye 1, Dakar, Sénégal;https://images.coinafrique.com/thumb_5756505_uploaded_image1_1770135001.jpg
Chaussures  homme;12 000 CFA;Parcelle Assainies, Dakar, Sénégal;https://images.coinafrique.com/thumb_5747868_uploaded_image1_1769685507.jpg
Chaussures  homme;10 000 CFA;Parcelle Assainies, Dakar, Sénégal;https://images.coinafrique.com/thumb_5747868_uploaded_image1_1769685507.jpg
Chaussures avec chapeau;8 000 CFA;Grand Dakar, Dakar, Sénégal;
Chaussures Friperie;4 000 CFA;Yoff, Dakar, Sénégal;
Chaussures Louis Vuitton;25 000 CFA;Colobane, Dakar, Sénégal;https://images.coinafrique.com/thumb_5138888_uploaded_image1_1737064702.jpg
Baskets Nocta;25 000 CFA;Colobane, Dakar, Sénégal;https://images.coinafrique.com/thumb_4977249_uploaded_image1_1728054632.jpg
Chaussures  homme;20 000 CFA;Dakar Plateau, Dakar, Sénégal;https://images.coinafrique.com/thumb_5716365_uploaded_image1_1768211528.jpg
Chaussures homme;Prix sur demande;Colobane, Dakar, Sénégal;
Baskets Nike;12 000 CFA;Parcelle Assainies, Dakar, Sénégal;https://images.coinafrique.com/thumb_5494173_uploaded_image1_1756232066.jpg
Baskets Nike Air Max 95;20 000 CFA;Dakar, Sénégal;https://images.coinafrique.com/thumb_2462484_uploaded_image1_1595264314.jpg
Chaussures  homme;12 000 CFA;Parcelle Assainies, Dakar, Sénégal;https://images.coinafrique.com/thumb_5747868_uploaded_image1_1769685507.jpg
Chaussures Berluti;15 000 CFA;Diamalaye 1, Dakar, Sénégal;https://images.coinafrique.com/thumb_5504924_uploaded_image1_1756823656.jpg
Chaussures hommes;15 000 CFA;Diamalaye 1, Dakar, Sénégal;https://images.coinafrique.com/thumb_5756505_uploaded_image1_1770135001.jpg
Chaussures  homme;20 000 CFA;Colobane, Dakar, Sénégal;https://images.coinafrique.com/thumb_5769564_uploaded_image1_1770816182.jpg
Chaussures  homme;20 000 CFA;Colobane, Dakar, Sénégal;https://images.coinafrique.com/thumb_5769564_uploaded_image1_1770816182.jpg
Chaussures  homme;25 000 CFA;Colobane, Dakar, Sénégal;https://images.coinafrique.com/thumb_5769564_uploaded_image1_1770816182.jpg
Chaussures  homme;20 000 CFA;Colobane, Dakar, Sénégal;https://images.coinafrique.com/thumb_5769564_uploaded_image1_1770816182.jpg
Chaussures homme;25 000 CFA;Colobane, Dakar, Sénégal;https://images.coinafrique.com/thumb_5769564_uploaded_image1_1770816182.jpg
Chaussures hommes;17 000 CFA;Diamalaye 1, Dakar, Sénégal;https://images.coinafrique.com/thumb_5756505_uploaded_image1_1770135001.jpg
Baskets homme;6 500 CFA;Yoff, Dakar, Sénégal;https://images.coinafrique.com/thumb_4467172_uploaded_image3_1700598687.jpeg
Mocassins Croco;5 500 CFA;Yoff, Dakar, Sénégal;
Sandales orthopédique;15 000 CFA;Dakar, Sénégal;https://images.coinafrique.com/thumb_5457756_uploaded_image1_1754291875.jpg
Baskets Adidas;25 000 CFA;Dakar, Sénégal;
Chaussures  homme;30 000 CFA;Dakar, Sénégal;https://images.coinafrique.com/thumb_5771511_uploaded_image1_1770903306.jpg
Chaussures  homme;20 000 CFA;Dakar Plateau, Dakar, Sénégal;
Sandales homme;3 500 CFA;Parcelle Assainies, Dakar, Sénégal;https://images.coinafrique.com/thumb_5214615_uploaded_image2_1741112696.jpeg
Chaussures homme;12 000 CFA;Parcelle Assainies, Dakar, Sénégal;https://images.coinafrique.com/thumb_5747868_uploaded_image1_1769685507.jpg
Chaussures homme;70 000 CFA;Yoff, Dakar, Sénégal;https://images.coinafrique.com/thumb_5760772_uploaded_image1_1770330772.jpg
Chaussures  homme;20 000 CFA;Colobane, Dakar, Sénégal;
Chaussures homme;10 000 CFA;Guediawaye, Dakar, Sénégal;https://images.coinafrique.com/thumb_5668243_uploaded_image1_1765485052.jpg
Chaussures homme;20 000 CFA;Colobane, Dakar, Sénégal;https://images.coinafrique.com/thumb_5769564_uploaded_image1_1770816182.jpg
Sandales hommes;20 000 CFA;Sicap Liberté, Dakar, Sénégal;https://images.coinafrique.com/thumb_4905286_uploaded_image1_1724274033.jpg
Chaussures  homme;13 000 CFA;Dakar, Sénégal;https://images.coinafrique.com/thumb_5771511_uploaded_image1_1770903306.jpg
Baskets Dior B30;28 000 CFA;Dakar, Sénégal;
Baskets Vans Old Skool;22 000 CFA;Dakar, Sénégal;https://images.coinafrique.com/thumb_3595394_uploaded_image1_1646505165.jpg
Chaussures  homme;17 000 CFA;Colobane, Dakar, Sénégal;https://images.coinafrique.com/thumb_5769564_uploaded_image1_1770816182.jpg
Chaussures  homme;25 000 CFA;Colobane, Dakar, Sénégal;https://images.coinafrique.com/thumb_5769564_uploaded_image1_1770816182.jpg
Chaussures de ville Berlutti;17 000 CFA;Colobane, Dakar, Sénégal;https://images.coinafrique.com/thumb_3745519_uploaded_image1_1655396003.jpg
Chaussures  homme;20 000 CFA;Colobane, Dakar, Sénégal;https://images.coinafrique.com/thumb_5769564_uploaded_image1_1770816182.jpg
Chaussures Timberland;20 000 CFA;Colobane, Dakar, Sénégal;https://images.coinafrique.com/thumb_5670337_uploaded_image1_1765587558.jpg
Chaussures homme;22 000 CFA;Dakar, Sénégal;https://images.coinafrique.com/thumb_5771511_uploaded_image1_1770903306.jpg
Baskets homme;22 000 CFA;Dakar, Sénégal;https://images.coinafrique.com/thumb_5249008_uploaded_image1_1742848944.jpg
Chaussures homme;25 000 CFA;Dakar, Sénégal;https://images.coinafrique.com/thumb_5771511_uploaded_image1_1770903306.jpg
Baskets New Balance;15 000 CFA;Dakar, Sénégal;https://images.coinafrique.com/thumb_5675114_uploaded_image1_1765885442.jpg
Baskets New Balance;15 000 CFA;Almadies 2, Dakar, Sénégal;https://images.coinafrique.com/thumb_4036537_uploaded_image1_1672950679.jpg
Chaussures en cuir;17 000 CFA;Almadies 2, Dakar, Sénégal;https://images.coinafrique.com/thumb_1720887_uploaded_image1_1582915240.33.png
Chaussures hommes;12 000 CFA;Rufisque, Sénégal;https://images.coinafrique.com/thumb_5684967_uploaded_image1_1766411263.jpg
Baskets homme;23 000 CFA;Dakar, Sénégal;https://images.coinafrique.com/thumb_5249008_uploaded_image1_1742848944.jpg
Chaussures  homme;16 000 CFA;Colobane, Dakar, Sénégal;https://images.coinafrique.com/thumb_5769564_uploaded_image1_1770816182.jpg
Chaussures  homme;10 000 CFA;Mariste, Dakar, Sénégal;https://images.coinafrique.com/thumb_5760425_uploaded_image1_1770321277.jpg
Mocassins homme;20 000 CFA;Dakar Plateau, Dakar, Sénégal;https://images.coinafrique.com/thumb_5559079_uploaded_image1_1759624285.jpg
Babouches Kubok;15 000 CFA;Dakar Plateau, Dakar, Sénégal;
Babouches Mercedes;18 000 CFA;Dakar Plateau, Dakar, Sénégal;
Chaussures orthopédique;20 000 CFA;Grand Yoff, Dakar, Sénégal;https://images.coinafrique.com/thumb_5277302_uploaded_image1_1744380806.jpg
Crocs;12 000 CFA;Parcelle Assainies, Dakar, Sénégal;https://images.coinafrique.com/thumb_5525021_uploaded_image1_1757858535.jpg
Chaussures homme;25 000 CFA;Dakar Plateau, Dakar, Sénégal;https://images.coinafrique.com/thumb_5716365_uploaded_image1_1768211528.jpg
Chaussures homme;20 000 CFA;Dakar Plateau, Dakar, Sénégal;https://images.coinafrique.com/thumb_5716365_uploaded_image1_1768211528.jpg
Chaussures homme;35 000 CFA;Dakar Plateau, Dakar, Sénégal;https://images.coinafrique.com/thumb_5716365_uploaded_image1_1768211528.jpg
Chaussures homme;23 000 CFA;Dakar, Sénégal;https://images.coinafrique.com/thumb_5771511_uploaded_image1_1770903306.jpg
Chaussures  homme;30 000 CFA;Dakar, Sénégal;https://images.coinafrique.com/thumb_5771511_uploaded_image1_1770903306.jpg
Chaussures  homme;25 000 CFA;Dakar, Sénégal;https://images.coinafrique.com/thumb_5771511_uploaded_image1_1770903306.jpg
Chaussures  homme;15 000 CFA;Point E, Dakar, Sénégal;https://images.coinafrique.com/thumb_5699778_uploaded_image1_1767367167.jpg
Lacoste Gripshot;25 000 CFA;Dakar, Sénégal;
Nike Air force 1;25 000 CFA;Dakar, Sénégal;https://images.coinafrique.com/thumb_5588993_uploaded_image1_1761304542.jpg
Vans;20 000 CFA;Dakar, Sénégal;https://images.coinafrique.com/thumb_5675964_uploaded_image1_1765915814.jpg
Lacoste Gripshot;25 000 CFA;Dakar, Sénégal;
Air Max 95;22 000 CFA;Dakar, Sénégal;https://images.coinafrique.com/thumb_5656457_uploaded_image1_1764881079.jpg
Air Max 95;22 000 CFA;Dakar, Sénégal;https://images.coinafrique.com/thumb_5656457_uploaded_image1_1764881079.jpg
Louis vuitton;25 000 CFA;Dakar, Sénégal;https://images.coinafrique.com/thumb_5656538_uploaded_image1_1764883544.jpg
Louis vuitton;25 000 CFA;Dakar, Sénégal;https://images.coinafrique.com/thumb_5656538_uploaded_image1_1764883544.jpg
Air Max 95;22 000 CFA;Dakar, Sénégal;https://images.coinafrique.com/thumb_5656457_uploaded_image1_1764881079.jpg
Baskets Vomero 5 Grey;25 000 CFA;Dakar, Sénégal;
Louis vuitton;25 000 CFA;Dakar, Sénégal;https://images.coinafrique.com/thumb_5656538_uploaded_image1_1764883544.jpg
Air Max 95;22 000 CFA;Dakar, Sénégal;https://images.coinafrique.com/thumb_5656457_uploaded_image1_1764881079.jpg
Baskets Vomero 5 grey;25 000 CFA;Dakar, Sénégal;
Baskets Air Force one low;25 000 CFA;Dakar, Sénégal;https://images.coinafrique.com/thumb_4325142_uploaded_image1_1691398822.jpg
Baskets Nike shox;25 000 CFA;Dakar, Sénégal;
Baskets Air force one;25 000 CFA;Dakar, Sénégal;https://images.coinafrique.com/thumb_5670087_uploaded_image1_1765572281.jpg
Chaussures Nike shox R4;25 000 CFA;Dakar, Sénégal;
Asic kayono;25 000 CFA;Dakar, Sénégal;https://images.coinafrique.com/thumb_5656440_uploaded_image1_1764880329.jpg
Asic kayono 14;25 000 CFA;Dakar, Sénégal;
Baskets New Balance 740;25 000 CFA;Dakar, Sénégal;https://images.coinafrique.com/thumb_5675111_uploaded_image1_1765885381.jpg
Baskets Louis Vuitton;25 000 CFA;Dakar, Sénégal;https://images.coinafrique.com/thumb_5552643_uploaded_image1_1759323436.jpg
Baskets Asic 1130;25 000 CFA;Dakar, Sénégal;
Baskets Air Max 95;20 000 CFA;Dakar, Sénégal;https://images.coinafrique.com/thumb_5567806_uploaded_image1_1760100010.jpg
Nike Air Max 95;25 000 CFA;Dakar, Sénégal;
Dior b22;25 000 CFA;Dakar, Sénégal;https://images.coinafrique.com/thumb_5666578_uploaded_image1_1765401789.jpg
Nike Air Max 95;25 000 CFA;Dakar, Sénégal;
Dior b22;25 000 CFA;Dakar, Sénégal;https://images.coinafrique.com/thumb_5666578_uploaded_image1_1765401789.jpg
Baskets Jordan 4 rétro;25 000 CFA;Dakar, Sénégal;https://images.coinafrique.com/thumb_3893201_uploaded_image1_1664162532.jpg
Baskets Timberland;30 000 CFA;Dakar, Sénégal;https://images.coinafrique.com/thumb_5384805_uploaded_image1_1750461330.jpg
Dior b22;25 000 CFA;Dakar, Sénégal;https://images.coinafrique.com/thumb_5666578_uploaded_image1_1765401789.jpg
Timberland boots;30 000 CFA;Dakar, Sénégal;https://images.coinafrique.com/thumb_4117496_uploaded_image1_1677799389.jpg
Baskets Jordan 3 rétro;20 000 CFA;Dakar, Sénégal;
Baskets Nike P6000;25 000 CFA;Dakar, Sénégal;
Baskets Air force 1;13 000 CFA;Dakar, Sénégal;https://images.coinafrique.com/thumb_5656488_uploaded_image1_1764881966.jpg
Baskets Jordan 3;20 000 CFA;Dakar, Sénégal;https://images.coinafrique.com/thumb_5548923_uploaded_image1_1759168249.jpg
New Balance;25 000 CFA;Dakar, Sénégal;https://images.coinafrique.com/thumb_5771479_uploaded_image1_1770902639.jpg
New Balance Fuel cell;25 000 CFA;Dakar, Sénégal;https://images.coinafrique.com/thumb_5365690_uploaded_image1_1749417178.jpg
Baskets Air force 1;19 000 CFA;Dakar, Sénégal;https://images.coinafrique.com/thumb_5656488_uploaded_image1_1764881966.jpg
Baskets Nike TN;17 000 CFA;Dakar, Sénégal;https://images.coinafrique.com/thumb_5550746_uploaded_image1_1759249989.jpg
Baskets Air force 1 montante;17 000 CFA;Dakar, Sénégal;
Baskets Timberland boots;30 000 CFA;Dakar, Sénégal;
Baskets Louis vuitton;22 000 CFA;Dakar, Sénégal;https://images.coinafrique.com/thumb_5552643_uploaded_image1_1759323436.jpg
Asic Gel Nyc;25 000 CFA;Dakar, Sénégal;https://images.coinafrique.com/thumb_5548916_uploaded_image1_1759168020.jpg
Louis vuitton skate;25 000 CFA;Dakar, Sénégal;https://images.coinafrique.com/thumb_4977275_uploaded_image1_1728055084.jpg
Baskets Jordan 1;25 000 CFA;Dakar, Sénégal;https://images.coinafrique.com/thumb_5401346_uploaded_image1_1751401243.jpg
Dior cd;25 000 CFA;Dakar, Sénégal;https://images.coinafrique.com/thumb_5426238_uploaded_image1_1752671136.jpg
Baskets Fendi;22 000 CFA;Dakar, Sénégal;
Nike shox R4;25 000 CFA;Dakar, Sénégal;https://images.coinafrique.com/thumb_5670082_uploaded_image1_1765572126.jpg
New balance 740;25 000 CFA;Dakar, Sénégal;https://images.coinafrique.com/thumb_5675111_uploaded_image1_1765885381.jpg
Baskets Nike nocta;25 000 CFA;Dakar, Sénégal;https://images.coinafrique.com/thumb_5688215_uploaded_image1_1766588855.jpg
Baskets Adidas samba;20 000 CFA;Dakar, Sénégal;https://images.coinafrique.com/thumb_5548904_uploaded_image1_1759167399.jpg
Nice Air Max;25 000 CFA;Dakar, Sénégal;
Nike Air Max moto;25 000 CFA;Dakar, Sénégal;
Baskets Nike Air Max moto;25 000 CFA;Dakar, Sénégal;
Chaussures de ville;20 000 CFA;Dakar, Sénégal;https://images.coinafrique.com/thumb_5660969_uploaded_image1_1765145356.jpg
Chaussures de ville;20 000 CFA;Dakar, Sénégal;https://images.coinafrique.com/thumb_5660969_uploaded_image1_1765145356.jpg
Chaussures de ville;20 000 CFA;Dakar, Sénégal;https://images.coinafrique.com/thumb_5660969_uploaded_image1_1765145356.jpg
Chaussures de ville;20 000 CFA;Dakar, Sénégal;https://images.coinafrique.com/thumb_5660969_uploaded_image1_1765145356.jpg
Chaussures de ville;20 000 CFA;Dakar, Sénégal;https://images.coinafrique.com/thumb_5660969_uploaded_image1_1765145356.jpg
New Balance;25 000 CFA;Dakar, Sénégal;https://images.coinafrique.com/thumb_5771479_uploaded_image1_1770902639.jpg
Asic gel kayono;25 000 CFA;Dakar, Sénégal;
Asic gel;25 000 CFA;Dakar, Sénégal;https://images.coinafrique.com/thumb_5674249_uploaded_image1_1765839904.jpg
Nike Air force 1 cacao;20 000 CFA;Dakar, Sénégal;
Baskets New Balance 1000;25 000 CFA;Dakar, Sénégal;https://images.coinafrique.com/thumb_5247024_uploaded_image1_1742754677.jpg
New Balance 1000;25 000 CFA;Dakar, Sénégal;https://images.coinafrique.com/thumb_5719053_uploaded_image1_1768321893.jpg
Baskets Air force one;25 000 CFA;Dakar, Sénégal;https://images.coinafrique.com/thumb_5670087_uploaded_image1_1765572281.jpg
Air force one;25 000 CFA;Dakar, Sénégal;https://images.coinafrique.com/thumb_5683003_uploaded_image1_1766275668.jpg
Air force one;25 000 CFA;Dakar, Sénégal;https://images.coinafrique.com/thumb_5683003_uploaded_image1_1766275668.jpg
Louis vuitton alden;25 000 CFA;Dakar, Sénégal;
Mocassins;14 000 CFA;Dakar, Sénégal;https://images.coinafrique.com/thumb_5600246_uploaded_image1_1762008803.jpg
Mocassins homme;14 000 CFA;Dakar, Sénégal;https://images.coinafrique.com/thumb_5323164_uploaded_image1_1747019335.jpg
Baskets Adidas;27 000 CFA;Dakar, Sénégal;https://images.coinafrique.com/thumb_5686382_uploaded_image1_1766491684.jpg
Baskets Adidas;27 000 CFA;Dakar, Sénégal;https://images.coinafrique.com/thumb_5686382_uploaded_image1_1766491684.jpg
Chaussures homme;30 000 CFA;Dakar Plateau, Dakar, Sénégal;https://images.coinafrique.com/thumb_5716365_uploaded_image1_1768211528.jpg
Chaussures Adidas Spezial;25 000 CFA;Dakar, Sénégal;https://images.coinafrique.com/thumb_5758571_uploaded_image1_1770232010.jpg
Baskets Adidas Spezial;25 000 CFA;Dakar, Sénégal;https://images.coinafrique.com/thumb_5758571_uploaded_image1_1770232010.jpg
Baskets Puma speedcat blue;25 000 CFA;Dakar, Sénégal;
Baskets New Balance 740;25 000 CFA;Dakar, Sénégal;https://images.coinafrique.com/thumb_5675111_uploaded_image1_1765885381.jpg
Chaussures New Balance 740;25 000 CFA;Dakar, Sénégal;https://images.coinafrique.com/thumb_5548951_uploaded_image1_1759169363.jpg
Baskets New Balance 740;25 000 CFA;Dakar, Sénégal;https://images.coinafrique.com/thumb_5675111_uploaded_image1_1765885381.jpg
Baskets New Balance 740;25 000 CFA;Dakar, Sénégal;https://images.coinafrique.com/thumb_5675111_uploaded_image1_1765885381.jpg
Baskets New Balance 740;25 000 CFA;Dakar, Sénégal;https://images.coinafrique.com/thumb_5675111_uploaded_image1_1765885381.jpg
Baskets New Balance 1906;25 000 CFA;Dakar, Sénégal;
Nike shox r4;25 000 CFA;Dakar, Sénégal;https://images.coinafrique.com/thumb_5670082_uploaded_image1_1765572126.jpg
Baskets Nike nocta;30 000 CFA;Dakar, Sénégal;https://images.coinafrique.com/thumb_5688215_uploaded_image1_1766588855.jpg
Baskets Nike Nocta;30 000 CFA;Dakar, Sénégal;https://images.coinafrique.com/thumb_5688215_uploaded_image1_1766588855.jpg
Baskets Nike Nocta;30 000 CFA;Dakar, Sénégal;https://images.coinafrique.com/thumb_5688215_uploaded_image1_1766588855.jpg
Jordan 11;23 000 CFA;Dakar, Sénégal;https://images.coinafrique.com/thumb_4566347_uploaded_image1_1706447424.jpg
New Balance 1906;25 000 CFA;Dakar, Sénégal;https://images.coinafrique.com/thumb_5697822_uploaded_image1_1767207853.jpg
New Balance 1906;25 000 CFA;Dakar, Sénégal;https://images.coinafrique.com/thumb_5697822_uploaded_image1_1767207853.jpg
Nike free metcon6;25 000 CFA;Dakar, Sénégal;
New Balance 1906;25 000 CFA;Dakar, Sénégal;https://images.coinafrique.com/thumb_5697822_uploaded_image1_1767207853.jpg
Baskets Prada;30 000 CFA;Dakar, Sénégal;https://images.coinafrique.com/thumb_3365952_uploaded_image1_1633280696.jpg
Baskets Jordan 5;25 000 CFA;Dakar, Sénégal;https://images.coinafrique.com/thumb_3610089_uploaded_image1_1647367379.jpg
Puma Magmax nitro;25 000 CFA;Dakar, Sénégal;
New Balance X lord piana;25 000 CFA;Dakar, Sénégal;
Baskets New Balance;25 000 CFA;Dakar, Sénégal;https://images.coinafrique.com/thumb_5675114_uploaded_image1_1765885442.jpg
Asic NYC;25 000 CFA;Dakar, Sénégal;https://images.coinafrique.com/thumb_5656524_uploaded_image1_1764883061.jpg
Asic NYC;25 000 CFA;Dakar, Sénégal;https://images.coinafrique.com/thumb_5656524_uploaded_image1_1764883061.jpg
Asic;25 000 CFA;Dakar, Sénégal;https://images.coinafrique.com/thumb_5685339_uploaded_image1_1766430531.jpg
Asic 1130;25 000 CFA;Dakar, Sénégal;https://images.coinafrique.com/thumb_5571618_uploaded_image1_1760357347.jpg
Chaussures  homme;30 000 CFA;Dakar Plateau, Dakar, Sénégal;https://images.coinafrique.com/thumb_5716365_uploaded_image1_1768211528.jpg
Chaussures homme;13 500 CFA;Diamalaye 1, Dakar, Sénégal;https://images.coinafrique.com/thumb_5756505_uploaded_image1_1770135001.jpg
Chaussures hommes;15 000 CFA;Diamalaye 1, Dakar, Sénégal;https://images.coinafrique.com/thumb_5756505_uploaded_image1_1770135001.jpg
Chaussures hommes;15 000 CFA;Diamalaye 1, Dakar, Sénégal;https://images.coinafrique.com/thumb_5756505_uploaded_image1_1770135001.jpg
Chaussures hommes;12 000 CFA;Diamalaye 1, Dakar, Sénégal;https://images.coinafrique.com/thumb_5756505_uploaded_image1_1770135001.jpg
Crocs Vip;15 000 CFA;Ouest Foire, Dakar, Sénégal;
Crocs homme;10 000 CFA;Ouest Foire, Dakar, Sénégal;https://images.coinafrique.com/thumb_4710820_uploaded_image1_1714055113.jpg
Baskets homme;6 000 CFA;Diourbel, Sénégal;https://images.coinafrique.com/thumb_3135679_uploaded_image1_1622075478.jpg
Chaussures  homme;8 000 CFA;Diourbel, Sénégal;https://images.coinafrique.com/thumb_5708158_uploaded_image1_1767785483.jpg
Chaussures  homme;8 000 CFA;Diourbel, Sénégal;https://images.coinafrique.com/thumb_5708158_uploaded_image1_1767785483.jpg
Chaussures  homme;Prix sur demande;Dakar, Sénégal;https://images.coinafrique.com/thumb_5771511_uploaded_image1_1770903306.jpg
Sandales homme;25 000 CFA;Dakar Plateau, Dakar, Sénégal;https://images.coinafrique.com/thumb_5385859_uploaded_image1_1750532912.jpg
Chaussures  homme;15 000 CFA;Parcelle Assainies, Dakar, Sénégal;https://images.coinafrique.com/thumb_5747868_uploaded_image1_1769685507.jpg
Chaussures  homme;18 000 CFA;Yoff, Dakar, Sénégal;https://images.coinafrique.com/thumb_5760772_uploaded_image1_1770330772.jpg
Chaussures  homme;22 000 CFA;Yoff, Dakar, Sénégal;https://images.coinafrique.com/thumb_5760772_uploaded_image1_1770330772.jpg
Chaussures orthopédique;Prix sur demande;Guediawaye, Dakar, Sénégal;https://images.coinafrique.com/thumb_5579068_uploaded_image1_1760724420.jpg
Chaussures  homme;12 000 CFA;Dakar Plateau, Dakar, Sénégal;https://images.coinafrique.com/thumb_5716365_uploaded_image1_1768211528.jpg
Mocassins homme;12 000 CFA;Dakar Plateau, Dakar, Sénégal;https://images.coinafrique.com/thumb_5559079_uploaded_image1_1759624285.jpg
Baskets Nike TN;15 000 CFA;Parcelle Assainies, Dakar, Sénégal;https://images.coinafrique.com/thumb_5656485_uploaded_image1_1764881869.jpg
Chaussures orthopédiques;10 000 CFA;Medina, Dakar, Sénégal;https://images.coinafrique.com/thumb_3494402_uploaded_image1_1640190288.jpg
Baskets Adidas Samba;20 000 CFA;Colobane, Dakar, Sénégal;https://images.coinafrique.com/thumb_5020639_uploaded_image1_1730419594.jpg
Baskets New Balance 530;25 000 CFA;Colobane, Dakar, Sénégal;https://images.coinafrique.com/thumb_4497994_uploaded_image1_1702475564.jpg
Baskets New Balance 1000;25 000 CFA;Colobane, Dakar, Sénégal;https://images.coinafrique.com/thumb_5582640_uploaded_image1_1760962573.jpg
Baskets Sebago;13 000 CFA;Colobane, Dakar, Sénégal;
Chaussures New Balance 1000;25 000 CFA;Dakar, Sénégal;https://images.coinafrique.com/thumb_5719053_uploaded_image1_1768321893.jpg
Chaussures New Balance 1000;25 000 CFA;Dakar, Sénégal;https://images.coinafrique.com/thumb_5719053_uploaded_image1_1768321893.jpg
Baskets Jordan One Low;Prix sur demande;Colobane, Dakar, Sénégal;https://images.coinafrique.com/thumb_5365709_uploaded_image1_1749417739.jpg
Crocs homme;8 000 CFA;Keur Massar, Sénégal;https://images.coinafrique.com/thumb_5525021_uploaded_image1_1757858535.jpg
Baskets Hermes Chypre;10 000 CFA;Parcelle Assainies, Dakar, Sénégal;
Chaussures  homme;32 000 CFA;Dakar, Sénégal;https://images.coinafrique.com/thumb_5771511_uploaded_image1_1770903306.jpg
Chaussures Sebago;13 000 CFA;Colobane, Dakar, Sénégal;https://images.coinafrique.com/thumb_3459325_uploaded_image1_1638221945.jpg
Timberlands Louis Vouitton;35 000 CFA;Ouest Foire, Dakar, Sénégal;
Baskets New Balance 1000;30 000 CFA;Ouest Foire, Dakar, Sénégal;https://images.coinafrique.com/thumb_5582640_uploaded_image1_1760962573.jpg
Timberlands Louis Vouitton;35 000 CFA;Ouest Foire, Dakar, Sénégal;
Chaussures Campus;14 900 CFA;Dakar, Sénégal;https://images.coinafrique.com/thumb_5473575_uploaded_image1_1755086920.jpg
Chaussures tn;14 900 CFA;Dakar, Sénégal;https://images.coinafrique.com/thumb_5581215_uploaded_image1_1760883280.jpg
Chaussures Campus;14 900 CFA;Dakar, Sénégal;https://images.coinafrique.com/thumb_5473575_uploaded_image1_1755086920.jpg
Chaussures TN;14 900 CFA;Dakar, Sénégal;https://images.coinafrique.com/thumb_5581215_uploaded_image1_1760883280.jpg
Vans Timberland;17 000 CFA;Dakar, Sénégal;https://images.coinafrique.com/thumb_4462564_uploaded_image1_1700267386.jpg
Chaussures  homme;22 000 CFA;Dakar, Sénégal;https://images.coinafrique.com/thumb_5771511_uploaded_image1_1770903306.jpg
Chaussures orthopédique;Prix sur demande;Guediawaye, Dakar, Sénégal;https://images.coinafrique.com/thumb_5579068_uploaded_image1_1760724420.jpg
Chaussures  homme;18 000 CFA;Parcelle Assainies, Dakar, Sénégal;https://images.coinafrique.com/thumb_5747868_uploaded_image1_1769685507.jpg
Baskets Hugo Boss;20 000 CFA;Colobane, Dakar, Sénégal;
Chaussures Timberland;35 000 CFA;Colobane, Dakar, Sénégal;https://images.coinafrique.com/thumb_5670337_uploaded_image1_1765587558.jpg
Baskets Air Force One;12 000 CFA;Ouest Foire, Dakar, Sénégal;https://images.coinafrique.com/thumb_3162542_uploaded_image1_1623241098.jpg
Chaussures Hermès;20 000 CFA;Dakar, Sénégal;https://images.coinafrique.com/thumb_4636554_uploaded_image1_1710164752.jpg
Chaussures hommes;13 000 CFA;Diamalaye 1, Dakar, Sénégal;https://images.coinafrique.com/thumb_5756505_uploaded_image1_1770135001.jpg
Baskets Adidas/ Adistar répétitor;18 000 CFA;Dakar, Sénégal;
Baskets Adidas Samba;30 000 CFA;Dakar, Sénégal;https://images.coinafrique.com/thumb_5548904_uploaded_image1_1759167399.jpg
Baskets Adidas Samba;Prix sur demande;Dakar Plateau, Dakar, Sénégal;https://images.coinafrique.com/thumb_4930598_uploaded_image1_1725607260.jpg
Sneakers navy flex;30 000 CFA;Colobane, Dakar, Sénégal;
Chaussures  homme;13 000 CFA;Mariste, Dakar, Sénégal;https://images.coinafrique.com/thumb_5760425_uploaded_image1_1770321277.jpg
Jordan 4 authentiques originales;40 000 CFA;Dakar Plateau, Dakar, Sénégal;
Chaussures homme;30 000 CFA;Dakar, Sénégal;https://images.coinafrique.com/thumb_5771511_uploaded_image1_1770903306.jpg
Chaussures homme;Prix sur demande;Yoff, Dakar, Sénégal;https://images.coinafrique.com/thumb_5760772_uploaded_image1_1770330772.jpg
Chaussures homme;Prix sur demande;Yoff, Dakar, Sénégal;https://images.coinafrique.com/thumb_5760772_uploaded_image1_1770330772.jpg
Sandales orthopédique;15 000 CFA;Dakar Plateau, Dakar, Sénégal;https://images.coinafrique.com/thumb_5327825_uploaded_image1_1747239241.jpg
Baskets Nike;13 000 CFA;Mariste, Dakar, Sénégal;https://images.coinafrique.com/thumb_4303350_uploaded_image1_1689952243.jpg
Crocs sandales;6 000 CFA;Fass, Dakar, Sénégal;https://images.coinafrique.com/thumb_4880762_uploaded_image1_1722967578.jpg
Palladium pampa high;15 000 CFA;Mamelles, Dakar, Sénégal;
Chaussures  homme;25 000 CFA;Colobane, Dakar, Sénégal;https://images.coinafrique.com/thumb_5769564_uploaded_image1_1770816182.jpg
Chaussures  homme;15 000 CFA;Colobane, Dakar, Sénégal;https://images.coinafrique.com/thumb_5769564_uploaded_image1_1770816182.jpg
Chaussures  homme;20 000 CFA;Colobane, Dakar, Sénégal;https://images.coinafrique.com/thumb_5769564_uploaded_image1_1770816182.jpg
Chaussures  homme;20 000 CFA;Colobane, Dakar, Sénégal;https://images.coinafrique.com/thumb_5769564_uploaded_image1_1770816182.jpg
Chaussures  homme;25 000 CFA;Colobane, Dakar, Sénégal;https://images.coinafrique.com/thumb_5769564_uploaded_image1_1770816182.jpg
Babouches en cuir;14 000 CFA;Medina, Dakar, Sénégal;https://images.coinafrique.com/thumb_3675600_uploaded_image1_1651344889.jpg
Sandales en cuir;13 000 CFA;Medina, Dakar, Sénégal;https://images.coinafrique.com/thumb_3007061_uploaded_image1_1615998760.jpg
Chaussures  homme;23 000 CFA;Dakar, Sénégal;https://images.coinafrique.com/thumb_5771511_uploaded_image1_1770903306.jpg
Chaussures  homme;23 000 CFA;Dakar, Sénégal;https://images.coinafrique.com/thumb_5771511_uploaded_image1_1770903306.jpg
Chaussures  homme;25 000 CFA;Dakar, Sénégal;https://images.coinafrique.com/thumb_5771511_uploaded_image1_1770903306.jpg
Chaussures  homme;23 000 CFA;Dakar, Sénégal;https://images.coinafrique.com/thumb_5771511_uploaded_image1_1770903306.jpg
Chaussures  homme;25 000 CFA;Dakar, Sénégal;https://images.coinafrique.com/thumb_5771511_uploaded_image1_1770903306.jpg
Chaussures  homme;25 000 CFA;Dakar, Sénégal;https://images.coinafrique.com/thumb_5771511_uploaded_image1_1770903306.jpg
Nike P6000;25 000 CFA;Dakar, Sénégal;https://images.coinafrique.com/thumb_5365720_uploaded_image1_1749418139.jpg
Chaussures  homme;25 000 CFA;Dakar, Sénégal;https://images.coinafrique.com/thumb_5771511_uploaded_image1_1770903306.jpg
Chaussures  homme;25 000 CFA;Dakar, Sénégal;https://images.coinafrique.com/thumb_5771511_uploaded_image1_1770903306.jpg
Chaussures  homme;25 000 CFA;Dakar, Sénégal;https://images.coinafrique.com/thumb_5771511_uploaded_image1_1770903306.jpg
Chaussures  homme;25 000 CFA;Dakar, Sénégal;https://images.coinafrique.com/thumb_5771511_uploaded_image1_1770903306.jpg
Chaussures  homme;25 000 CFA;Dakar, Sénégal;https://images.coinafrique.com/thumb_5771511_uploaded_image1_1770903306.jpg
Chaussures  homme;25 000 CFA;Dakar, Sénégal;https://images.coinafrique.com/thumb_5771511_uploaded_image1_1770903306.jpg
Chaussures  homme;20 000 CFA;Dakar, Sénégal;https://images.coinafrique.com/thumb_5771511_uploaded_image1_1770903306.jpg
Chaussures Hermès;140 000 CFA;Medina, Dakar, Sénégal;https://images.coinafrique.com/thumb_4201911_uploaded_image1_1683200169.jpg
Chaussures homme;15 000 CFA;Medina, Dakar, Sénégal;https://images.coinafrique.com/thumb_5773520_uploaded_image1_1771005361.jpg
Chaussures homme;22 500 CFA;Fass, Dakar, Sénégal;https://images.coinafrique.com/thumb_5749905_uploaded_image1_1769782261.jpg
